Model,ECE,Brier
Logistic Regression,0.1446,0.16830501177327106
Decision Tree,0.1139,0.16985668601345816
Random Forest,0.0584,0.1546511317123209
XGBoost,0.0783,0.1549879014492035
LightGBM,0.0617,0.1480227064645112
CatBoost,0.052,0.14409425819746954
TabNet,0.0862,0.15810872614383698
